algorithm,episode,total_reward,total_steps,success
MAPPO,0,-877.5002036813152,28,True
MASAC,0,-24.40551686738098,28,True
MATD3,0,-46.2545011462508,28,True
NSGA2_MATD3,0,-36.26121189645157,28,True
WSE_MATD3,0,-29.120431395895878,28,True
