avg_total_reward,std_total_reward,success_rate,algorithm
-798.2652952880493,252.37301294737642,90.0,MAPPO
-31.29694852161457,17.198349948603624,90.0,MASAC
-47.75977342604038,11.418012955344699,90.0,MATD3
-45.87483114397059,18.406339060166857,80.0,NSGA2_MATD3
-34.025234496939945,16.156751405449302,90.0,WSE_MATD3
