Algorithm,Mean Peak Freq. Dev. (p.u.),Std Peak Freq. Dev. (p.u.),Mean Peak Volt. Dev. (p.u.),Std Peak Volt. Dev. (p.u.),Area1 Median Damping,Area1 Min Damping (whisker),Area2 Median Damping,Area2 Min Damping (whisker),Area3 Median Damping,Area3 Min Damping (whisker),Area4 Median Damping,Area4 Min Damping (whisker)
MAPPO,0.001187794832700506,0.0003535703900893185,0.07719581848638031,0.008222017592264227,0.23335853095079212,0.1953405232367485,0.20553391363145992,0.11744070869756111,0.21230464900639276,0.11296649614116946,0.1816465784059404,0.11193593326904856
MASAC,0.0012367121254729606,0.0005203586440660996,0.05389773850581627,0.001830240753603646,0.17953001410464192,0.10810564475060694,0.1588700495059013,0.10485614879618033,0.1543750755879836,0.12019277702797374,0.15286409313211596,0.11102898637870984
MATD3,0.0012875168106421752,0.00033499467805612007,0.06487273874943696,0.004139540116753586,0.23077882345057188,0.16388799686450164,0.20205885586081523,0.1206262465346963,0.1748478886238443,0.09585131463037846,0.1960090214776175,0.11596347858415182
NSGA2-MATD3,0.0012340987600726106,0.00035060351845810084,0.09011245480047884,0.0648480994430809,0.21424337488594852,0.13545884448987178,0.20088507747933632,0.10574688046098576,0.20122154997750158,0.11972447535694353,0.20142817310017422,0.10440094499510515
WSE-MATD3,0.0011463763021095307,0.000440088309925777,0.054090077071154964,0.0017505825737983407,0.17682840179838172,0.10285224938887845,0.15223017485932783,0.10990213780236799,0.1472409067180423,0.12222988971264936,0.14346829910618492,0.12240437295276929
